{
  "project_info": {
    "project_number": "1084018096241",
    "firebase_url": "https://iffahride-hailing-default-rtdb.firebaseio.com",
    "project_id": "iffahride-hailing",
    "storage_bucket": "iffahride-hailing.appspot.com"
  },
  "client": [
    {
      "client_info": {
        "mobilesdk_app_id": "1:1084018096241:android:971eb47de7d82f192ec3d0",
        "android_client_info": {
          "package_name": "ridehailingiffah.com.apps"
        }
      },
      "oauth_client": [
        {
          "client_id": "1084018096241-jevabgjfe7nvn9kb7fbd1nsil3bhm1r6.apps.googleusercontent.com",
          "client_type": 3
        }
      ],
      "api_key": [
        {
          "current_key": "AIzaSyDsXs8mOp-El7ojSy-bPb4ez1NRuHVjYtM"
        }
      ],
      "services": {
        "appinvite_service": {
          "other_platform_oauth_client": [
            {
              "client_id": "1084018096241-jevabgjfe7nvn9kb7fbd1nsil3bhm1r6.apps.googleusercontent.com",
              "client_type": 3
            }
          ]
        }
      }
    }
  ],
  "configuration_version": "1"
}